Salinity,Generation,Chemical,Gene,ddCT
6,0,Control,17bHSD,-0.269833333
6,0,Control,arx,0.357833333
6,0,Control,atp1,0.870055556
6,0,Control,atp2,-0.070944444
6,0,Control,cyp1a1,-0.043388889
6,0,Control,dnmt3,1.499722222
6,0,Control,esr,-1.987611111
6,0,Control,igf2,0.292611111
6,0,Control,rps6,-0.276722222
6,0,Control,17bHSD,-0.130833333
6,0,Control,arx,0.622833333
6,0,Control,atp1,0.734055556
6,0,Control,atp2,-0.210944444
6,0,Control,cyp1a1,0.162611111
6,0,Control,dnmt3,1.712722222
6,0,Control,esr,-1.843611111
6,0,Control,igf2,0.472611111
6,0,Control,rps6,-0.185722222
6,0,Control,17bHSD,-0.032833333
6,0,Control,arx,0.169833333
6,0,Control,atp1,0.744055556
6,0,Control,atp2,-0.337944444
6,0,Control,cyp1a1,0.139611111
6,0,Control,dnmt3,1.877722222
6,0,Control,esr,-1.097611111
6,0,Control,igf2,0.344611111
6,0,Control,rps6,-0.144722222
6,0,Control,17bHSD,0.585166667
6,0,Control,arx,0.367833333
6,0,Control,atp1,-0.162944444
6,0,Control,atp2,0.459055556
6,0,Control,cyp1a1,0.938611111
6,0,Control,dnmt3,2.733722222
6,0,Control,esr,-2.425611111
6,0,Control,igf2,0.085611111
6,0,Control,rps6,0.903277778
6,0,Control,17bHSD,-0.270833333
6,0,Control,arx,-0.980166667
6,0,Control,atp1,-0.835944444
6,0,Control,atp2,-0.145944444
6,0,Control,cyp1a1,0.061611111
6,0,Control,dnmt3,2.177722222
6,0,Control,esr,-3.086611111
6,0,Control,igf2,0.179611111
6,0,Control,rps6,0.320277778
6,0,Control,17bHSD,1.473666667
6,0,Control,arx,0.609333333
6,0,Control,atp1,0.676555556
6,0,Control,atp2,1.130555556
6,0,Control,cyp1a1,1.382111111
6,0,Control,dnmt3,3.247222222
6,0,Control,esr,-0.847111111
6,0,Control,igf2,1.012111111
6,0,Control,rps6,1.507777778
6,0,Control,17bHSD,-0.716833333
6,0,Control,arx,-0.162166667
6,0,Control,atp1,-0.495944444
6,0,Control,atp2,-0.092944444
6,0,Control,cyp1a1,-0.807388889
6,0,Control,dnmt3,-3.805277778
6,0,Control,esr,4.050388889
6,0,Control,igf2,-0.732388889
6,0,Control,rps6,-0.646722222
6,0,Control,17bHSD,-0.187833333
6,0,Control,arx,-0.176166667
6,0,Control,atp1,-0.549944444
6,0,Control,atp2,-0.097944444
6,0,Control,cyp1a1,-0.586388889
6,0,Control,dnmt3,-5.130277778
6,0,Control,esr,3.890388889
6,0,Control,igf2,-0.511388889
6,0,Control,rps6,-0.537722222
6,0,Control,17bHSD,-0.449833333
6,0,Control,arx,-0.809166667
6,0,Control,atp1,-0.979944444
6,0,Control,atp2,-0.632944444
6,0,Control,cyp1a1,-1.247388889
6,0,Control,dnmt3,-4.313277778
6,0,Control,esr,3.347388889
6,0,Control,igf2,-1.143388889
6,0,Control,rps6,-0.939722222
6,0,Bifenthrin,17bHSD,0.162166667
6,0,Bifenthrin,arx,1.899833333
6,0,Bifenthrin,atp1,2.002055556
6,0,Bifenthrin,atp2,1.784055556
6,0,Bifenthrin,cyp1a1,0.185611111
6,0,Bifenthrin,dnmt3,1.930722222
6,0,Bifenthrin,esr,-2.517611111
6,0,Bifenthrin,igf2,0.132611111
6,0,Bifenthrin,rps6,-0.254722222
6,0,Bifenthrin,17bHSD,0.000666667
6,0,Bifenthrin,arx,0.984333333
6,0,Bifenthrin,atp1,0.928555556
6,0,Bifenthrin,atp2,-0.142444444
6,0,Bifenthrin,cyp1a1,0.329111111
6,0,Bifenthrin,dnmt3,1.572222222
6,0,Bifenthrin,esr,-2.518111111
6,0,Bifenthrin,igf2,0.017111111
6,0,Bifenthrin,rps6,-0.484222222
6,0,Bifenthrin,17bHSD,-0.202833333
6,0,Bifenthrin,arx,1.400833333
6,0,Bifenthrin,atp1,1.917055556
6,0,Bifenthrin,atp2,0.764055556
6,0,Bifenthrin,cyp1a1,0.498611111
6,0,Bifenthrin,dnmt3,2.185722222
6,0,Bifenthrin,esr,-2.201611111
6,0,Bifenthrin,igf2,-0.071388889
6,0,Bifenthrin,rps6,-0.192722222
6,0,Bifenthrin,17bHSD,0.924666667
6,0,Bifenthrin,arx,0.361333333
6,0,Bifenthrin,atp1,1.096555556
6,0,Bifenthrin,atp2,-0.278444444
6,0,Bifenthrin,cyp1a1,-8.618888889
6,0,Bifenthrin,dnmt3,2.524222222
6,0,Bifenthrin,esr,3.335888889
6,0,Bifenthrin,igf2,0.752111111
6,0,Bifenthrin,rps6,0.488777778
6,0,Bifenthrin,17bHSD,-0.972833333
6,0,Bifenthrin,arx,-0.495166667
6,0,Bifenthrin,atp1,-1.229944444
6,0,Bifenthrin,atp2,-0.935944444
6,0,Bifenthrin,cyp1a1,-0.550388889
6,0,Bifenthrin,dnmt3,0.934722222
6,0,Bifenthrin,esr,-2.079611111
6,0,Bifenthrin,igf2,-0.607388889
6,0,Bifenthrin,rps6,-0.718722222
6,0,Bifenthrin,17bHSD,1.944166667
6,0,Bifenthrin,arx,2.064833333
6,0,Bifenthrin,atp1,1.070055556
6,0,Bifenthrin,atp2,1.522055556
6,0,Bifenthrin,cyp1a1,1.481611111
6,0,Bifenthrin,dnmt3,3.955722222
6,0,Bifenthrin,esr,-0.111611111
6,0,Bifenthrin,igf2,2.165611111
6,0,Bifenthrin,rps6,0.789277778
6,0,Bifenthrin,17bHSD,-0.677333333
6,0,Bifenthrin,arx,0.524333333
6,0,Bifenthrin,atp1,-0.392444444
6,0,Bifenthrin,atp2,0.282555556
6,0,Bifenthrin,cyp1a1,-1.925888889
6,0,Bifenthrin,dnmt3,-3.230777778
6,0,Bifenthrin,esr,3.791888889
6,0,Bifenthrin,igf2,-1.524888889
6,0,Bifenthrin,rps6,-1.013222222
6,0,Bifenthrin,17bHSD,-0.494333333
6,0,Bifenthrin,arx,0.681333333
6,0,Bifenthrin,atp1,0.468555556
6,0,Bifenthrin,atp2,0.681555556
6,0,Bifenthrin,cyp1a1,-1.142888889
6,0,Bifenthrin,dnmt3,-3.568777778
6,0,Bifenthrin,esr,3.925888889
6,0,Bifenthrin,igf2,-1.150888889
6,0,Bifenthrin,rps6,-1.056222222
6,0,Bifenthrin,17bHSD,1.250666667
6,0,Bifenthrin,arx,3.211333333
6,0,Bifenthrin,atp1,2.285555556
6,0,Bifenthrin,atp2,2.590555556
6,0,Bifenthrin,cyp1a1,2.054111111
6,0,Bifenthrin,dnmt3,0.208222222
6,0,Bifenthrin,esr,6.887888889
6,0,Bifenthrin,igf2,1.667111111
6,0,Bifenthrin,rps6,1.713777778
6,0,Cyfluthrin,17bHSD,-0.672833333
6,0,Cyfluthrin,arx,-0.019166667
6,0,Cyfluthrin,atp1,-0.833944444
6,0,Cyfluthrin,atp2,0.471055556
6,0,Cyfluthrin,cyp1a1,-0.149388889
6,0,Cyfluthrin,dnmt3,0.603722222
6,0,Cyfluthrin,esr,-2.371611111
6,0,Cyfluthrin,igf2,-0.462388889
6,0,Cyfluthrin,rps6,-0.936722222
6,0,Cyfluthrin,17bHSD,0.019666667
6,0,Cyfluthrin,arx,0.280333333
6,0,Cyfluthrin,atp1,-0.407444444
6,0,Cyfluthrin,atp2,0.650555556
6,0,Cyfluthrin,cyp1a1,0.281111111
6,0,Cyfluthrin,dnmt3,0.989222222
6,0,Cyfluthrin,esr,-2.089111111
6,0,Cyfluthrin,igf2,-0.260888889
6,0,Cyfluthrin,rps6,-1.025222222
6,0,Cyfluthrin,17bHSD,-0.163833333
6,0,Cyfluthrin,arx,0.442833333
6,0,Cyfluthrin,atp1,-0.192944444
6,0,Cyfluthrin,atp2,1.398055556
6,0,Cyfluthrin,cyp1a1,0.561611111
6,0,Cyfluthrin,dnmt3,1.471722222
6,0,Cyfluthrin,esr,-1.262611111
6,0,Cyfluthrin,igf2,0.084611111
6,0,Cyfluthrin,rps6,-0.452722222
6,0,Cyfluthrin,17bHSD,-0.509333333
6,0,Cyfluthrin,arx,0.387333333
6,0,Cyfluthrin,atp1,-0.375444444
6,0,Cyfluthrin,atp2,-0.118444444
6,0,Cyfluthrin,cyp1a1,-1.029888889
6,0,Cyfluthrin,dnmt3,2.006222222
6,0,Cyfluthrin,esr,-2.042111111
6,0,Cyfluthrin,igf2,-1.192888889
6,0,Cyfluthrin,rps6,-1.151222222
6,0,Cyfluthrin,17bHSD,-0.426333333
6,0,Cyfluthrin,arx,-0.069666667
6,0,Cyfluthrin,atp1,-0.681444444
6,0,Cyfluthrin,atp2,-0.635444444
6,0,Cyfluthrin,cyp1a1,-0.748888889
6,0,Cyfluthrin,dnmt3,1.097222222
6,0,Cyfluthrin,esr,-0.838111111
6,0,Cyfluthrin,igf2,-1.097888889
6,0,Cyfluthrin,rps6,-1.162222222
6,0,Cyfluthrin,17bHSD,-0.381333333
6,0,Cyfluthrin,arx,-0.043166667
6,0,Cyfluthrin,atp1,-0.750944444
6,0,Cyfluthrin,atp2,-0.364944444
6,0,Cyfluthrin,cyp1a1,-0.867388889
6,0,Cyfluthrin,dnmt3,1.585722222
6,0,Cyfluthrin,esr,-1.930611111
6,0,Cyfluthrin,igf2,-1.058388889
6,0,Cyfluthrin,rps6,-0.867722222
6,0,Cyfluthrin,17bHSD,-0.593333333
6,0,Cyfluthrin,arx,-0.966666667
6,0,Cyfluthrin,atp1,-0.950444444
6,0,Cyfluthrin,atp2,-0.830444444
6,0,Cyfluthrin,cyp1a1,-3.476888889
6,0,Cyfluthrin,dnmt3,2.258222222
6,0,Cyfluthrin,esr,2.937888889
6,0,Cyfluthrin,igf2,-1.033888889
6,0,Cyfluthrin,rps6,-0.625222222
6,0,Cyfluthrin,17bHSD,-0.268833333
6,0,Cyfluthrin,arx,-0.984166667
6,0,Cyfluthrin,atp1,-0.686944444
6,0,Cyfluthrin,atp2,-1.222944444
6,0,Cyfluthrin,cyp1a1,-3.694388889
6,0,Cyfluthrin,dnmt3,2.092722222
6,0,Cyfluthrin,esr,3.331388889
6,0,Cyfluthrin,igf2,-0.913388889
6,0,Cyfluthrin,rps6,-0.788722222
6,0,Cyfluthrin,17bHSD,-0.050333333
6,0,Cyfluthrin,arx,-0.551666667
6,0,Cyfluthrin,atp1,-0.606444444
6,0,Cyfluthrin,atp2,-0.779444444
6,0,Cyfluthrin,cyp1a1,-3.379888889
6,0,Cyfluthrin,dnmt3,2.577222222
6,0,Cyfluthrin,esr,3.753888889
6,0,Cyfluthrin,igf2,-0.293888889
6,0,Cyfluthrin,rps6,-0.637222222
6,0,Cyhalothrin,17bHSD,-0.904833333
6,0,Cyhalothrin,arx,0.460833333
6,0,Cyhalothrin,atp1,-0.463944444
6,0,Cyhalothrin,atp2,0.196055556
6,0,Cyhalothrin,cyp1a1,-1.258388889
6,0,Cyhalothrin,dnmt3,1.407722222
6,0,Cyhalothrin,esr,-2.510611111
6,0,Cyhalothrin,igf2,0.037611111
6,0,Cyhalothrin,rps6,-1.468722222
6,0,Cyhalothrin,17bHSD,-0.566333333
6,0,Cyhalothrin,arx,0.310333333
6,0,Cyhalothrin,atp1,-0.335444444
6,0,Cyhalothrin,atp2,-0.189444444
6,0,Cyhalothrin,cyp1a1,-1.426888889
6,0,Cyhalothrin,dnmt3,1.204222222
6,0,Cyhalothrin,esr,-2.202111111
6,0,Cyhalothrin,igf2,-0.036888889
6,0,Cyhalothrin,rps6,-1.361222222
6,0,Cyhalothrin,17bHSD,-0.831333333
6,0,Cyhalothrin,arx,0.665333333
6,0,Cyhalothrin,atp1,-0.587444444
6,0,Cyhalothrin,atp2,0.172555556
6,0,Cyhalothrin,cyp1a1,-1.422888889
6,0,Cyhalothrin,dnmt3,1.465222222
6,0,Cyhalothrin,esr,-2.005111111
6,0,Cyhalothrin,igf2,0.253111111
6,0,Cyhalothrin,rps6,-0.946222222
6,0,Cyhalothrin,17bHSD,-0.974833333
6,0,Cyhalothrin,arx,-0.191166667
6,0,Cyhalothrin,atp1,-0.862944444
6,0,Cyhalothrin,atp2,0.144055556
6,0,Cyhalothrin,cyp1a1,-0.422388889
6,0,Cyhalothrin,dnmt3,1.536722222
6,0,Cyhalothrin,esr,-2.218611111
6,0,Cyhalothrin,igf2,-0.881388889
6,0,Cyhalothrin,rps6,-0.936722222
6,0,Cyhalothrin,17bHSD,-0.994333333
6,0,Cyhalothrin,arx,-0.537666667
6,0,Cyhalothrin,atp1,-1.252444444
6,0,Cyhalothrin,atp2,-0.117444444
6,0,Cyhalothrin,cyp1a1,-0.356888889
6,0,Cyhalothrin,dnmt3,1.480222222
6,0,Cyhalothrin,esr,-2.323111111
6,0,Cyhalothrin,igf2,-1.632888889
6,0,Cyhalothrin,rps6,-1.112222222
6,0,Cyhalothrin,17bHSD,-0.782833333
6,0,Cyhalothrin,arx,-0.376166667
6,0,Cyhalothrin,atp1,-0.765944444
6,0,Cyhalothrin,atp2,0.035055556
6,0,Cyhalothrin,cyp1a1,-0.124388889
6,0,Cyhalothrin,dnmt3,1.222722222
6,0,Cyhalothrin,esr,-1.920611111
6,0,Cyhalothrin,igf2,-1.003388889
6,0,Cyhalothrin,rps6,-0.918722222
6,0,Cyhalothrin,17bHSD,-0.701833333
6,0,Cyhalothrin,arx,-0.489166667
6,0,Cyhalothrin,atp1,-1.117944444
6,0,Cyhalothrin,atp2,0.122055556
6,0,Cyhalothrin,cyp1a1,-3.462388889
6,0,Cyhalothrin,dnmt3,2.160722222
6,0,Cyhalothrin,esr,2.950388889
6,0,Cyhalothrin,igf2,-1.180388889
6,0,Cyhalothrin,rps6,-0.990722222
6,0,Cyhalothrin,17bHSD,-0.085833333
6,0,Cyhalothrin,arx,-1.000166667
6,0,Cyhalothrin,atp1,-0.852944444
6,0,Cyhalothrin,atp2,-0.458944444
6,0,Cyhalothrin,cyp1a1,-3.016388889
6,0,Cyhalothrin,dnmt3,2.168722222
6,0,Cyhalothrin,esr,3.014388889
6,0,Cyhalothrin,igf2,-0.543388889
6,0,Cyhalothrin,rps6,-0.608722222
6,0,Cyhalothrin,17bHSD,-0.093833333
6,0,Cyhalothrin,arx,-1.173166667
6,0,Cyhalothrin,atp1,-0.805944444
6,0,Cyhalothrin,atp2,
6,0,Cyhalothrin,cyp1a1,-3.032388889
6,0,Cyhalothrin,dnmt3,2.397722222
6,0,Cyhalothrin,esr,3.362388889
6,0,Cyhalothrin,igf2,-0.735388889
6,0,Cyhalothrin,rps6,-0.540722222
10,0,Control,17bHSD,-4.684277778
10,0,Control,arx,1.232722222
10,0,Control,atp1,2.170833333
10,0,Control,atp2,1.177722222
10,0,Control,cyp1a1,1.019277778
10,0,Control,dnmt3,1.684166667
10,0,Control,esr,0.538944444
10,0,Control,igf2,0.977166667
10,0,Control,rps6,1.034166667
10,0,Control,17bHSD,1.519222222
10,0,Control,arx,0.278222222
10,0,Control,atp1,1.179333333
10,0,Control,atp2,0.287222222
10,0,Control,cyp1a1,-0.084222222
10,0,Control,dnmt3,0.731666667
10,0,Control,esr,-1.582555556
10,0,Control,igf2,0.287666667
10,0,Control,rps6,0.235666667
10,0,Control,17bHSD,-0.941777778
10,0,Control,arx,0.701222222
10,0,Control,atp1,1.063333333
10,0,Control,atp2,0.297222222
10,0,Control,cyp1a1,0.481777778
10,0,Control,dnmt3,0.114666667
10,0,Control,esr,-1.648555556
10,0,Control,igf2,0.078666667
10,0,Control,rps6,0.440666667
10,0,Control,17bHSD,0.501722222
10,0,Control,arx,-0.157277778
10,0,Control,atp1,-1.268166667
10,0,Control,atp2,-0.494277778
10,0,Control,cyp1a1,0.576277778
10,0,Control,dnmt3,-1.120833333
10,0,Control,esr,-2.099055556
10,0,Control,igf2,-0.876833333
10,0,Control,rps6,-0.752833333
10,0,Control,17bHSD,1.201222222
10,0,Control,arx,-0.398777778
10,0,Control,atp1,-0.780666667
10,0,Control,atp2,-0.045777778
10,0,Control,cyp1a1,1.147777778
10,0,Control,dnmt3,-0.524333333
10,0,Control,esr,-1.767555556
10,0,Control,igf2,-0.145333333
10,0,Control,rps6,-0.299333333
10,0,Control,17bHSD,1.465222222
10,0,Control,arx,0.072222222
10,0,Control,atp1,-0.222666667
10,0,Control,atp2,0.137222222
10,0,Control,cyp1a1,1.411777778
10,0,Control,dnmt3,-0.242333333
10,0,Control,esr,-0.876555556
10,0,Control,igf2,0.029666667
10,0,Control,rps6,0.048666667
10,0,Control,17bHSD,0.067722222
10,0,Control,arx,-0.511277778
10,0,Control,atp1,-1.203166667
10,0,Control,atp2,-0.817277778
10,0,Control,cyp1a1,-2.198722222
10,0,Control,dnmt3,-0.574833333
10,0,Control,esr,2.120944444
10,0,Control,igf2,-0.517833333
10,0,Control,rps6,-0.627833333
10,0,Control,17bHSD,0.190722222
10,0,Control,arx,-1.081277778
10,0,Control,atp1,-0.494166667
10,0,Control,atp2,-0.527277778
10,0,Control,cyp1a1,-1.492722222
10,0,Control,dnmt3,-0.185833333
10,0,Control,esr,2.564944444
10,0,Control,igf2,-0.144833333
10,0,Control,rps6,-0.261833333
10,0,Control,17bHSD,0.680222222
10,0,Control,arx,-0.135777778
10,0,Control,atp1,-0.444666667
10,0,Control,atp2,-0.014777778
10,0,Control,cyp1a1,-0.861222222
10,0,Control,dnmt3,0.117666667
10,0,Control,esr,2.749444444
10,0,Control,igf2,0.311666667
10,0,Control,rps6,0.182666667
10,0,Bifenthrin,17bHSD,0.216722222
10,0,Bifenthrin,arx,2.389722222
10,0,Bifenthrin,atp1,3.442833333
10,0,Bifenthrin,atp2,2.478722222
10,0,Bifenthrin,cyp1a1,-2.726722222
10,0,Bifenthrin,dnmt3,-0.240833333
10,0,Bifenthrin,esr,-1.270055556
10,0,Bifenthrin,igf2,-0.430833333
10,0,Bifenthrin,rps6,-1.378833333
10,0,Bifenthrin,17bHSD,-0.060277778
10,0,Bifenthrin,arx,2.503722222
10,0,Bifenthrin,atp1,3.641833333
10,0,Bifenthrin,atp2,2.594722222
10,0,Bifenthrin,cyp1a1,-3.242722222
10,0,Bifenthrin,dnmt3,-0.708833333
10,0,Bifenthrin,esr,-2.314055556
10,0,Bifenthrin,igf2,-0.669833333
10,0,Bifenthrin,rps6,-0.773833333
10,0,Bifenthrin,17bHSD,0.955722222
10,0,Bifenthrin,arx,2.397722222
10,0,Bifenthrin,atp1,3.970833333
10,0,Bifenthrin,atp2,2.900722222
10,0,Bifenthrin,cyp1a1,-3.484722222
10,0,Bifenthrin,dnmt3,0.259166667
10,0,Bifenthrin,esr,-1.932055556
10,0,Bifenthrin,igf2,0.207166667
10,0,Bifenthrin,rps6,-0.614833333
10,0,Bifenthrin,17bHSD,1.346222222
10,0,Bifenthrin,arx,-0.216777778
10,0,Bifenthrin,atp1,-0.183666667
10,0,Bifenthrin,atp2,0.434222222
10,0,Bifenthrin,cyp1a1,2.381777778
10,0,Bifenthrin,dnmt3,-0.260333333
10,0,Bifenthrin,esr,-2.063555556
10,0,Bifenthrin,igf2,0.287666667
10,0,Bifenthrin,rps6,0.421666667
10,0,Bifenthrin,17bHSD,1.929222222
10,0,Bifenthrin,arx,0.372222222
10,0,Bifenthrin,atp1,
10,0,Bifenthrin,atp2,1.871222222
10,0,Bifenthrin,cyp1a1,3.221777778
10,0,Bifenthrin,dnmt3,-0.590333333
10,0,Bifenthrin,esr,-1.214555556
10,0,Bifenthrin,igf2,0.738666667
10,0,Bifenthrin,rps6,0.312666667
10,0,Bifenthrin,17bHSD,6.085722222
10,0,Bifenthrin,arx,4.819722222
10,0,Bifenthrin,atp1,4.889833333
10,0,Bifenthrin,atp2,6.640722222
10,0,Bifenthrin,cyp1a1,7.183277778
10,0,Bifenthrin,dnmt3,4.167166667
10,0,Bifenthrin,esr,4.197944444
10,0,Bifenthrin,igf2,5.088166667
10,0,Bifenthrin,rps6,4.602166667
10,0,Bifenthrin,17bHSD,1.069722222
10,0,Bifenthrin,arx,-0.651277778
10,0,Bifenthrin,atp1,-0.503166667
10,0,Bifenthrin,atp2,-0.232277778
10,0,Bifenthrin,cyp1a1,-1.470722222
10,0,Bifenthrin,dnmt3,-0.696833333
10,0,Bifenthrin,esr,2.437944444
10,0,Bifenthrin,igf2,-0.642833333
10,0,Bifenthrin,rps6,0.198166667
10,0,Bifenthrin,17bHSD,2.211722222
10,0,Bifenthrin,arx,0.537722222
10,0,Bifenthrin,atp1,0.012833333
10,0,Bifenthrin,atp2,0.698722222
10,0,Bifenthrin,cyp1a1,-0.772722222
10,0,Bifenthrin,dnmt3,-0.030833333
10,0,Bifenthrin,esr,3.604944444
10,0,Bifenthrin,igf2,0.614166667
10,0,Bifenthrin,rps6,1.182166667
10,0,Bifenthrin,17bHSD,2.473222222
10,0,Bifenthrin,arx,-0.659777778
10,0,Bifenthrin,atp1,-0.404666667
10,0,Bifenthrin,atp2,0.888222222
10,0,Bifenthrin,cyp1a1,-0.115222222
10,0,Bifenthrin,dnmt3,0.597666667
10,0,Bifenthrin,esr,3.773444444
10,0,Bifenthrin,igf2,0.446666667
10,0,Bifenthrin,rps6,0.967666667
10,0,Cyfluthrin,17bHSD,2.778722222
10,0,Cyfluthrin,arx,-0.265277778
10,0,Cyfluthrin,atp1,1.105833333
10,0,Cyfluthrin,atp2,0.207722222
10,0,Cyfluthrin,cyp1a1,-0.705722222
10,0,Cyfluthrin,dnmt3,0.129166667
10,0,Cyfluthrin,esr,-2.796055556
10,0,Cyfluthrin,igf2,0.351166667
10,0,Cyfluthrin,rps6,-0.069833333
10,0,Cyfluthrin,17bHSD,2.146222222
10,0,Cyfluthrin,arx,-0.609777778
10,0,Cyfluthrin,atp1,1.457333333
10,0,Cyfluthrin,atp2,0.350222222
10,0,Cyfluthrin,cyp1a1,-0.940222222
10,0,Cyfluthrin,dnmt3,0.384666667
10,0,Cyfluthrin,esr,-1.299555556
10,0,Cyfluthrin,igf2,0.759666667
10,0,Cyfluthrin,rps6,-0.042333333
10,0,Cyfluthrin,17bHSD,3.329222222
10,0,Cyfluthrin,arx,0.444222222
10,0,Cyfluthrin,atp1,1.412333333
10,0,Cyfluthrin,atp2,0.568222222
10,0,Cyfluthrin,cyp1a1,0.272777778
10,0,Cyfluthrin,dnmt3,0.993666667
10,0,Cyfluthrin,esr,-0.231555556
10,0,Cyfluthrin,igf2,2.963666667
10,0,Cyfluthrin,rps6,0.948666667
10,0,Cyfluthrin,17bHSD,-0.051777778
10,0,Cyfluthrin,arx,-1.181777778
10,0,Cyfluthrin,atp1,-1.236666667
10,0,Cyfluthrin,atp2,-0.906777778
10,0,Cyfluthrin,cyp1a1,1.125777778
10,0,Cyfluthrin,dnmt3,-1.582333333
10,0,Cyfluthrin,esr,-3.627555556
10,0,Cyfluthrin,igf2,-0.788333333
10,0,Cyfluthrin,rps6,-1.098333333
10,0,Cyfluthrin,17bHSD,0.813722222
10,0,Cyfluthrin,arx,-1.157277778
10,0,Cyfluthrin,atp1,-0.450166667
10,0,Cyfluthrin,atp2,-0.238277778
10,0,Cyfluthrin,cyp1a1,1.809277778
10,0,Cyfluthrin,dnmt3,-1.119833333
10,0,Cyfluthrin,esr,-4.116055556
10,0,Cyfluthrin,igf2,-0.696833333
10,0,Cyfluthrin,rps6,-0.594833333
10,0,Cyfluthrin,17bHSD,0.257722222
10,0,Cyfluthrin,arx,1.098222222
10,0,Cyfluthrin,atp1,0.918333333
10,0,Cyfluthrin,atp2,1.183222222
10,0,Cyfluthrin,cyp1a1,3.254777778
10,0,Cyfluthrin,dnmt3,0.311666667
10,0,Cyfluthrin,esr,-1.314555556
10,0,Cyfluthrin,igf2,1.012666667
10,0,Cyfluthrin,rps6,1.018666667
10,0,Cyfluthrin,17bHSD,-0.114777778
10,0,Cyfluthrin,arx,-0.889777778
10,0,Cyfluthrin,atp1,
10,0,Cyfluthrin,atp2,-1.262777778
10,0,Cyfluthrin,cyp1a1,-2.074222222
10,0,Cyfluthrin,dnmt3,-1.013333333
10,0,Cyfluthrin,esr,2.015444444
10,0,Cyfluthrin,igf2,-1.263333333
10,0,Cyfluthrin,rps6,-1.546333333
10,0,Cyfluthrin,17bHSD,-0.075277778
10,0,Cyfluthrin,arx,-0.621277778
10,0,Cyfluthrin,atp1,-1.512166667
10,0,Cyfluthrin,atp2,-1.224277778
10,0,Cyfluthrin,cyp1a1,-2.017722222
10,0,Cyfluthrin,dnmt3,-0.729833333
10,0,Cyfluthrin,esr,1.961944444
10,0,Cyfluthrin,igf2,-1.195833333
10,0,Cyfluthrin,rps6,-1.155833333
10,0,Cyfluthrin,17bHSD,0.372222222
10,0,Cyfluthrin,arx,-0.922777778
10,0,Cyfluthrin,atp1,-1.136666667
10,0,Cyfluthrin,atp2,-1.024777778
10,0,Cyfluthrin,cyp1a1,-1.995222222
10,0,Cyfluthrin,dnmt3,-0.451333333
10,0,Cyfluthrin,esr,2.172444444
10,0,Cyfluthrin,igf2,-0.699333333
10,0,Cyfluthrin,rps6,-1.045333333
10,0,Cyhalothrin,17bHSD,2.508722222
10,0,Cyhalothrin,arx,
10,0,Cyhalothrin,atp1,
10,0,Cyhalothrin,atp2,
10,0,Cyhalothrin,cyp1a1,-1.286722222
10,0,Cyhalothrin,dnmt3,0.643166667
10,0,Cyhalothrin,esr,-0.525055556
10,0,Cyhalothrin,igf2,0.797166667
10,0,Cyhalothrin,rps6,0.386166667
10,0,Cyhalothrin,17bHSD,1.838222222
10,0,Cyhalothrin,arx,0.315222222
10,0,Cyhalothrin,atp1,0.861333333
10,0,Cyhalothrin,atp2,-0.262777778
10,0,Cyhalothrin,cyp1a1,-1.318222222
10,0,Cyhalothrin,dnmt3,0.322666667
10,0,Cyhalothrin,esr,-0.940555556
10,0,Cyhalothrin,igf2,0.106666667
10,0,Cyhalothrin,rps6,-0.237333333
10,0,Cyhalothrin,17bHSD,1.836722222
10,0,Cyhalothrin,arx,-0.089277778
10,0,Cyhalothrin,atp1,0.809833333
10,0,Cyhalothrin,atp2,-0.138277778
10,0,Cyhalothrin,cyp1a1,-1.553722222
10,0,Cyhalothrin,dnmt3,-0.233833333
10,0,Cyhalothrin,esr,-0.722055556
10,0,Cyhalothrin,igf2,-0.101833333
10,0,Cyhalothrin,rps6,-0.152833333
10,0,Cyhalothrin,17bHSD,-0.296277778
10,0,Cyhalothrin,arx,-0.433277778
10,0,Cyhalothrin,atp1,-0.720166667
10,0,Cyhalothrin,atp2,-0.308277778
10,0,Cyhalothrin,cyp1a1,1.022277778
10,0,Cyhalothrin,dnmt3,-1.012833333
10,0,Cyhalothrin,esr,-2.747055556
10,0,Cyhalothrin,igf2,-0.830833333
10,0,Cyhalothrin,rps6,-0.600833333
10,0,Cyhalothrin,17bHSD,-0.071277778
10,0,Cyhalothrin,arx,-0.384277778
10,0,Cyhalothrin,atp1,-0.762166667
10,0,Cyhalothrin,atp2,-0.278277778
10,0,Cyhalothrin,cyp1a1,0.819277778
10,0,Cyhalothrin,dnmt3,-0.817833333
10,0,Cyhalothrin,esr,-2.279055556
10,0,Cyhalothrin,igf2,-0.684833333
10,0,Cyhalothrin,rps6,-0.505833333
10,0,Cyhalothrin,17bHSD,0.927222222
10,0,Cyhalothrin,arx,1.021222222
10,0,Cyhalothrin,atp1,0.288333333
10,0,Cyhalothrin,atp2,0.704222222
10,0,Cyhalothrin,cyp1a1,2.043777778
10,0,Cyhalothrin,dnmt3,0.089666667
10,0,Cyhalothrin,esr,-1.127555556
10,0,Cyhalothrin,igf2,0.359666667
10,0,Cyhalothrin,rps6,0.442666667
10,0,Cyhalothrin,17bHSD,-0.576777778
10,0,Cyhalothrin,arx,-0.908777778
10,0,Cyhalothrin,atp1,-0.618666667
10,0,Cyhalothrin,atp2,-0.308777778
10,0,Cyhalothrin,cyp1a1,-1.696222222
10,0,Cyhalothrin,dnmt3,-0.271333333
10,0,Cyhalothrin,esr,1.969444444
10,0,Cyhalothrin,igf2,-0.720333333
10,0,Cyhalothrin,rps6,-0.867333333
10,0,Cyhalothrin,17bHSD,0.118222222
10,0,Cyhalothrin,arx,-1.536777778
10,0,Cyhalothrin,atp1,-1.145666667
10,0,Cyhalothrin,atp2,-0.561777778
10,0,Cyhalothrin,cyp1a1,-2.112222222
10,0,Cyhalothrin,dnmt3,-0.829333333
10,0,Cyhalothrin,esr,1.949444444
10,0,Cyhalothrin,igf2,-1.300333333
10,0,Cyhalothrin,rps6,-1.252333333
10,0,Cyhalothrin,17bHSD,-0.231777778
10,0,Cyhalothrin,arx,-2.238777778
10,0,Cyhalothrin,atp1,-1.312666667
10,0,Cyhalothrin,atp2,-0.802777778
10,0,Cyhalothrin,cyp1a1,-2.035222222
10,0,Cyhalothrin,dnmt3,-0.520333333
10,0,Cyhalothrin,esr,1.897444444
10,0,Cyhalothrin,igf2,-1.139333333
10,0,Cyhalothrin,rps6,-1.081333333
6,1,Control,17bHSD,0.121666667
6,1,Control,arx,-0.306833333
6,1,Control,atp1,0.201666667
6,1,Control,atp2,0.452666667
6,1,Control,cyp1a1,0.452666667
6,1,Control,dnmt3,-0.007333333
6,1,Control,esr,-0.169833333
6,1,Control,igf2,-0.242333333
6,1,Control,rps6,-0.502333333
6,1,Control,17bHSD,-0.433916667
6,1,Control,arx,-0.695416667
6,1,Control,atp1,0.135083333
6,1,Control,atp2,0.868083333
6,1,Control,cyp1a1,0.008083333
6,1,Control,dnmt3,0.118083333
6,1,Control,esr,-0.570416667
6,1,Control,igf2,0.073083333
6,1,Control,rps6,-0.163916667
6,1,Control,17bHSD,-0.07425
6,1,Control,arx,-0.09675
6,1,Control,atp1,0.28675
6,1,Control,atp2,0.11275
6,1,Control,cyp1a1,-0.15925
6,1,Control,dnmt3,-0.06925
6,1,Control,esr,-0.62775
6,1,Control,igf2,-0.13725
6,1,Control,rps6,-0.34925
6,1,Control,17bHSD,-0.806083333
6,1,Control,arx,-1.027583333
6,1,Control,atp1,-0.844083333
6,1,Control,atp2,1.579916667
6,1,Control,cyp1a1,1.406916667
6,1,Control,dnmt3,-0.309083333
6,1,Control,esr,-0.550583333
6,1,Control,igf2,0.066916667
6,1,Control,rps6,-5.196083333
6,1,Control,17bHSD,0.04525
6,1,Control,arx,-0.27125
6,1,Control,atp1,0.35325
6,1,Control,atp2,-0.27375
6,1,Control,cyp1a1,-0.47975
6,1,Control,dnmt3,0.62625
6,1,Control,esr,-0.25625
6,1,Control,igf2,0.40225
6,1,Control,rps6,0.40025
6,1,Control,17bHSD,0.0665
6,1,Control,arx,
6,1,Control,atp1,
6,1,Control,atp2,0.2885
6,1,Control,cyp1a1,-0.1875
6,1,Control,dnmt3,-0.1675
6,1,Control,esr,-3.659
6,1,Control,igf2,0.9825
6,1,Control,rps6,0.9135
6,1,Control,17bHSD,-0.594583333
6,1,Control,arx,-0.669083333
6,1,Control,atp1,3.997416667
6,1,Control,atp2,-0.739583333
6,1,Control,cyp1a1,-0.886583333
6,1,Control,dnmt3,-1.107583333
6,1,Control,esr,-2.155083333
6,1,Control,igf2,-1.686583333
6,1,Control,rps6,-3.211583333
6,1,Control,17bHSD,-0.316916667
6,1,Control,arx,0.647583333
6,1,Control,atp1,-0.549916667
6,1,Control,atp2,0.288083333
6,1,Control,cyp1a1,-0.153916667
6,1,Control,dnmt3,0.085083333
6,1,Control,esr,-1.438416667
6,1,Control,igf2,-0.956916667
6,1,Control,rps6,-1.387916667
6,1,Control,17bHSD,-0.194083333
6,1,Control,arx,1.118416667
6,1,Control,atp1,-0.084083333
6,1,Control,atp2,0.014916667
6,1,Control,cyp1a1,-0.595083333
6,1,Control,dnmt3,-0.260083333
6,1,Control,esr,-0.466583333
6,1,Control,igf2,-0.233083333
6,1,Control,rps6,-0.461083333
6,1,Bifenthrin,17bHSD,0.930166667
6,1,Bifenthrin,arx,-0.025416667
6,1,Bifenthrin,atp1,-1.86175
6,1,Bifenthrin,atp2,0.386416667
6,1,Bifenthrin,cyp1a1,0.20475
6,1,Bifenthrin,dnmt3,-6.974
6,1,Bifenthrin,esr,-0.393083333
6,1,Bifenthrin,igf2,-0.438416667
6,1,Bifenthrin,rps6,0.691416667
6,1,Bifenthrin,17bHSD,0.346666667
6,1,Bifenthrin,arx,-0.767916667
6,1,Bifenthrin,atp1,-2.22425
6,1,Bifenthrin,atp2,0.023916667
6,1,Bifenthrin,cyp1a1,0.31925
6,1,Bifenthrin,dnmt3,0.1315
6,1,Bifenthrin,esr,-1.166583333
6,1,Bifenthrin,igf2,-0.889916667
6,1,Bifenthrin,rps6,0.376916667
6,1,Bifenthrin,17bHSD,-7.230333333
6,1,Bifenthrin,arx,-0.189916667
6,1,Bifenthrin,atp1,-2.33525
6,1,Bifenthrin,atp2,-0.087083333
6,1,Bifenthrin,cyp1a1,0.59025
6,1,Bifenthrin,dnmt3,0.0275
6,1,Bifenthrin,esr,-0.915583333
6,1,Bifenthrin,igf2,
6,1,Bifenthrin,rps6,
6,1,Bifenthrin,17bHSD,0.913166667
6,1,Bifenthrin,arx,1.976583333
6,1,Bifenthrin,atp1,-0.68675
6,1,Bifenthrin,atp2,1.561416667
6,1,Bifenthrin,cyp1a1,3.03575
6,1,Bifenthrin,dnmt3,2.029
6,1,Bifenthrin,esr,-1.118083333
6,1,Bifenthrin,igf2,0.731583333
6,1,Bifenthrin,rps6,1.306416667
6,1,Bifenthrin,17bHSD,1.812166667
6,1,Bifenthrin,arx,2.379583333
6,1,Bifenthrin,atp1,-0.22175
6,1,Bifenthrin,atp2,2.026416667
6,1,Bifenthrin,cyp1a1,3.41175
6,1,Bifenthrin,dnmt3,2.374
6,1,Bifenthrin,esr,0.075916667
6,1,Bifenthrin,igf2,1.566583333
6,1,Bifenthrin,rps6,1.642416667
6,1,Bifenthrin,17bHSD,0.741666667
6,1,Bifenthrin,arx,1.135083333
6,1,Bifenthrin,atp1,-0.88225
6,1,Bifenthrin,atp2,1.365916667
6,1,Bifenthrin,cyp1a1,2.73025
6,1,Bifenthrin,dnmt3,1.7355
6,1,Bifenthrin,esr,-1.117583333
6,1,Bifenthrin,igf2,0.908083333
6,1,Bifenthrin,rps6,1.198916667
6,1,Bifenthrin,17bHSD,-0.029333333
6,1,Bifenthrin,arx,-0.521916667
6,1,Bifenthrin,atp1,-1.58325
6,1,Bifenthrin,atp2,0.664916667
6,1,Bifenthrin,cyp1a1,0.94025
6,1,Bifenthrin,dnmt3,1.2275
6,1,Bifenthrin,esr,-0.687583333
6,1,Bifenthrin,igf2,-0.325916667
6,1,Bifenthrin,rps6,-0.193083333
6,1,Bifenthrin,17bHSD,2.166666667
6,1,Bifenthrin,arx,2.169083333
6,1,Bifenthrin,atp1,0.46575
6,1,Bifenthrin,atp2,2.713916667
6,1,Bifenthrin,cyp1a1,2.85625
6,1,Bifenthrin,dnmt3,3.2205
6,1,Bifenthrin,esr,1.142416667
6,1,Bifenthrin,igf2,1.193083333
6,1,Bifenthrin,rps6,2.257916667
6,1,Bifenthrin,17bHSD,8.107166667
6,1,Bifenthrin,arx,7.935583333
6,1,Bifenthrin,atp1,6.39725
6,1,Bifenthrin,atp2,8.645416667
6,1,Bifenthrin,cyp1a1,8.99875
6,1,Bifenthrin,dnmt3,9.167
6,1,Bifenthrin,esr,7.220916667
6,1,Bifenthrin,igf2,7.354583333
6,1,Bifenthrin,rps6,8.728416667
6,1,Cyfluthrin,17bHSD,0
6,1,Cyfluthrin,arx,-2.351416667
6,1,Cyfluthrin,atp1,-0.06975
6,1,Cyfluthrin,atp2,-2.564583333
6,1,Cyfluthrin,cyp1a1,2.87075
6,1,Cyfluthrin,dnmt3,2.543
6,1,Cyfluthrin,esr,0.219916667
6,1,Cyfluthrin,igf2,2.036583333
6,1,Cyfluthrin,rps6,2.974416667
6,1,Cyfluthrin,17bHSD,3.343666667
6,1,Cyfluthrin,arx,0
6,1,Cyfluthrin,atp1,0.83875
6,1,Cyfluthrin,atp2,-1.901083333
6,1,Cyfluthrin,cyp1a1,4.17725
6,1,Cyfluthrin,dnmt3,2.9565
6,1,Cyfluthrin,esr,2.018416667
6,1,Cyfluthrin,igf2,2.557083333
6,1,Cyfluthrin,rps6,3.013916667
6,1,Cyfluthrin,17bHSD,2.849166667
6,1,Cyfluthrin,arx,-2.100416667
6,1,Cyfluthrin,atp1,0.28125
6,1,Cyfluthrin,atp2,-2.254583333
6,1,Cyfluthrin,cyp1a1,3.31275
6,1,Cyfluthrin,dnmt3,2.253
6,1,Cyfluthrin,esr,1.348916667
6,1,Cyfluthrin,igf2,2.308583333
6,1,Cyfluthrin,rps6,2.367416667
6,1,Cyfluthrin,17bHSD,-1.615333333
6,1,Cyfluthrin,arx,-0.588916667
6,1,Cyfluthrin,atp1,-0.67825
6,1,Cyfluthrin,atp2,-0.701083333
6,1,Cyfluthrin,cyp1a1,-1.43875
6,1,Cyfluthrin,dnmt3,0.7635
6,1,Cyfluthrin,esr,-2.883583333
6,1,Cyfluthrin,igf2,-2.670916667
6,1,Cyfluthrin,rps6,-0.060083333
6,1,Cyfluthrin,17bHSD,-1.682833333
6,1,Cyfluthrin,arx,-0.513416667
6,1,Cyfluthrin,atp1,-0.85875
6,1,Cyfluthrin,atp2,-0.704583333
6,1,Cyfluthrin,cyp1a1,-1.64825
6,1,Cyfluthrin,dnmt3,-0.303
6,1,Cyfluthrin,esr,-0.937083333
6,1,Cyfluthrin,igf2,-1.213416667
6,1,Cyfluthrin,rps6,-1.559583333
6,1,Cyfluthrin,17bHSD,
6,1,Cyfluthrin,arx,-0.070416667
6,1,Cyfluthrin,atp1,-0.33575
6,1,Cyfluthrin,atp2,-0.532583333
6,1,Cyfluthrin,cyp1a1,-0.64325
6,1,Cyfluthrin,dnmt3,0.32
6,1,Cyfluthrin,esr,-1.753083333
6,1,Cyfluthrin,igf2,-0.686416667
6,1,Cyfluthrin,rps6,2.375416667
6,1,Cyfluthrin,17bHSD,-0.560833333
6,1,Cyfluthrin,arx,5.974083333
6,1,Cyfluthrin,atp1,4.86875
6,1,Cyfluthrin,atp2,5.725916667
6,1,Cyfluthrin,cyp1a1,5.42725
6,1,Cyfluthrin,dnmt3,-0.0375
6,1,Cyfluthrin,esr,10.34641667
6,1,Cyfluthrin,igf2,4.483083333
6,1,Cyfluthrin,rps6,5.297916667
6,1,Cyfluthrin,17bHSD,3.373666667
6,1,Cyfluthrin,arx,3.529083333
6,1,Cyfluthrin,atp1,2.58975
6,1,Cyfluthrin,atp2,3.456916667
6,1,Cyfluthrin,cyp1a1,3.27825
6,1,Cyfluthrin,dnmt3,-0.9475
6,1,Cyfluthrin,esr,8.160416667
6,1,Cyfluthrin,igf2,2.552083333
6,1,Cyfluthrin,rps6,3.191916667
6,1,Cyfluthrin,17bHSD,5.248166667
6,1,Cyfluthrin,arx,4.344583333
6,1,Cyfluthrin,atp1,4.85325
6,1,Cyfluthrin,atp2,4.998416667
6,1,Cyfluthrin,cyp1a1,4.84075
6,1,Cyfluthrin,dnmt3,0.562
6,1,Cyfluthrin,esr,9.841916667
6,1,Cyfluthrin,igf2,4.251583333
6,1,Cyfluthrin,rps6,4.976416667
6,1,Cyhalothrin,17bHSD,-1.828333333
6,1,Cyhalothrin,arx,-0.221916667
6,1,Cyhalothrin,atp1,0.75175
6,1,Cyhalothrin,atp2,-0.402083333
6,1,Cyhalothrin,cyp1a1,-0.19075
6,1,Cyhalothrin,dnmt3,-0.5145
6,1,Cyhalothrin,esr,3.987416667
6,1,Cyhalothrin,igf2,-0.486916667
6,1,Cyhalothrin,rps6,0.082916667
6,1,Cyhalothrin,17bHSD,-1.829833333
6,1,Cyhalothrin,arx,-0.560416667
6,1,Cyhalothrin,atp1,0.46325
6,1,Cyhalothrin,atp2,-0.717583333
6,1,Cyhalothrin,cyp1a1,0.87975
6,1,Cyhalothrin,dnmt3,0.759
6,1,Cyhalothrin,esr,
6,1,Cyhalothrin,igf2,0.171583333
6,1,Cyhalothrin,rps6,0.727416667
6,1,Cyhalothrin,17bHSD,-0.193333333
6,1,Cyhalothrin,arx,3.275083333
6,1,Cyhalothrin,atp1,2.75975
6,1,Cyhalothrin,atp2,3.188916667
6,1,Cyhalothrin,cyp1a1,3.35025
6,1,Cyhalothrin,dnmt3,4.1575
6,1,Cyhalothrin,esr,
6,1,Cyhalothrin,igf2,2.310083333
6,1,Cyhalothrin,rps6,2.884916667
6,1,Cyhalothrin,17bHSD,-2.236833333
6,1,Cyhalothrin,arx,-0.740416667
6,1,Cyhalothrin,atp1,-0.87075
6,1,Cyhalothrin,atp2,-0.351583333
6,1,Cyhalothrin,cyp1a1,0.73275
6,1,Cyhalothrin,dnmt3,-0.218
6,1,Cyhalothrin,esr,-1.801083333
6,1,Cyhalothrin,igf2,-2.006416667
6,1,Cyhalothrin,rps6,-0.468583333
6,1,Cyhalothrin,17bHSD,-1.997833333
6,1,Cyhalothrin,arx,0.306583333
6,1,Cyhalothrin,atp1,-0.07675
6,1,Cyhalothrin,atp2,0.310416667
6,1,Cyhalothrin,cyp1a1,1.53675
6,1,Cyhalothrin,dnmt3,-0.079
6,1,Cyhalothrin,esr,-1.084083333
6,1,Cyhalothrin,igf2,-1.401416667
6,1,Cyhalothrin,rps6,0.099416667
6,1,Cyhalothrin,17bHSD,-2.136833333
6,1,Cyhalothrin,arx,-0.799416667
6,1,Cyhalothrin,atp1,-0.74675
6,1,Cyhalothrin,atp2,-0.679583333
6,1,Cyhalothrin,cyp1a1,0.83775
6,1,Cyhalothrin,dnmt3,-0.525
6,1,Cyhalothrin,esr,-2.023083333
6,1,Cyhalothrin,igf2,-2.018416667
6,1,Cyhalothrin,rps6,-0.431583333
6,1,Cyhalothrin,17bHSD,-2.563333333
6,1,Cyhalothrin,arx,-0.157916667
6,1,Cyhalothrin,atp1,-0.34525
6,1,Cyhalothrin,atp2,-0.619083333
6,1,Cyhalothrin,cyp1a1,-0.59975
6,1,Cyhalothrin,dnmt3,-6.4385
6,1,Cyhalothrin,esr,3.825416667
6,1,Cyhalothrin,igf2,-1.771916667
6,1,Cyhalothrin,rps6,-0.778083333
6,1,Cyhalothrin,17bHSD,-1.890333333
6,1,Cyhalothrin,arx,0.289083333
6,1,Cyhalothrin,atp1,-0.39225
6,1,Cyhalothrin,atp2,-0.328083333
6,1,Cyhalothrin,cyp1a1,-0.02275
6,1,Cyhalothrin,dnmt3,-5.3035
6,1,Cyhalothrin,esr,3.965416667
6,1,Cyhalothrin,igf2,-1.413916667
6,1,Cyhalothrin,rps6,-0.648083333
6,1,Cyhalothrin,17bHSD,-1.599333333
6,1,Cyhalothrin,arx,0.690083333
6,1,Cyhalothrin,atp1,0.42475
6,1,Cyhalothrin,atp2,1.644916667
6,1,Cyhalothrin,cyp1a1,-0.39075
6,1,Cyhalothrin,dnmt3,-4.9565
6,1,Cyhalothrin,esr,3.913416667
6,1,Cyhalothrin,igf2,-1.235916667
6,1,Cyhalothrin,rps6,-0.513083333
10,1,Control,17bHSD,-3.057083333
10,1,Control,arx,-0.31475
10,1,Control,atp1,0.600916667
10,1,Control,atp2,0.157416667
10,1,Control,cyp1a1,-0.12825
10,1,Control,dnmt3,0.885083333
10,1,Control,esr,0.184916667
10,1,Control,igf2,0.437583333
10,1,Control,rps6,0.07725
10,1,Control,17bHSD,0.982416667
10,1,Control,arx,-0.49025
10,1,Control,atp1,0.494416667
10,1,Control,atp2,-0.112083333
10,1,Control,cyp1a1,-0.60875
10,1,Control,dnmt3,0.678583333
10,1,Control,esr,0.598416667
10,1,Control,igf2,0.748083333
10,1,Control,rps6,0.19575
10,1,Control,17bHSD,1.474416667
10,1,Control,arx,0.31875
10,1,Control,atp1,0.870416667
10,1,Control,atp2,0.039916667
10,1,Control,cyp1a1,-0.60175
10,1,Control,dnmt3,1.388583333
10,1,Control,esr,1.389416667
10,1,Control,igf2,1.077083333
10,1,Control,rps6,0.49275
10,1,Control,17bHSD,-0.257583333
10,1,Control,arx,0.30775
10,1,Control,atp1,-1.078583333
10,1,Control,atp2,-0.539083333
10,1,Control,cyp1a1,0.09825
10,1,Control,dnmt3,-1.264416667
10,1,Control,esr,-1.246583333
10,1,Control,igf2,-1.181916667
10,1,Control,rps6,-0.58725
10,1,Control,17bHSD,0.245916667
10,1,Control,arx,-0.25775
10,1,Control,atp1,-0.685083333
10,1,Control,atp2,-0.023583333
10,1,Control,cyp1a1,0.31075
10,1,Control,dnmt3,-1.018916667
10,1,Control,esr,-0.821083333
10,1,Control,igf2,-0.783416667
10,1,Control,rps6,-0.39475
10,1,Control,17bHSD,0.611916667
10,1,Control,arx,0.43625
10,1,Control,atp1,-0.202083333
10,1,Control,atp2,0.477416667
10,1,Control,cyp1a1,0.92975
10,1,Control,dnmt3,-0.668916667
10,1,Control,esr,-0.105083333
10,1,Control,igf2,-0.297416667
10,1,Control,rps6,0.21625
10,1,Control,17bHSD,0.425916667
10,1,Control,arx,1.02525
10,1,Control,atp1,0.733916667
10,1,Control,atp2,0.102416667
10,1,Control,cyp1a1,1.03775
10,1,Control,dnmt3,-0.294916667
10,1,Control,esr,-0.715083333
10,1,Control,igf2,0.652583333
10,1,Control,rps6,-0.30775
10,1,Control,17bHSD,0.488916667
10,1,Control,arx,0.62525
10,1,Control,atp1,-0.324083333
10,1,Control,atp2,-0.112583333
10,1,Control,cyp1a1,1.74675
10,1,Control,dnmt3,-0.192916667
10,1,Control,esr,-2.091083333
10,1,Control,igf2,-1.457416667
10,1,Control,rps6,1.35725
10,1,Control,17bHSD,1.163416667
10,1,Control,arx,0.20275
10,1,Control,atp1,-0.480583333
10,1,Control,atp2,0.203916667
10,1,Control,cyp1a1,1.54925
10,1,Control,dnmt3,0.795583333
10,1,Control,esr,0.454416667
10,1,Control,igf2,0.377083333
10,1,Control,rps6,1.95875
10,1,Bifenthrin,17bHSD,2.171416667
10,1,Bifenthrin,arx,1.37175
10,1,Bifenthrin,atp1,1.999416667
10,1,Bifenthrin,atp2,1.073916667
10,1,Bifenthrin,cyp1a1,1.05525
10,1,Bifenthrin,dnmt3,1.666583333
10,1,Bifenthrin,esr,0.390416667
10,1,Bifenthrin,igf2,0.751083333
10,1,Bifenthrin,rps6,0.62575
10,1,Bifenthrin,17bHSD,1.780916667
10,1,Bifenthrin,arx,0.55125
10,1,Bifenthrin,atp1,1.741916667
10,1,Bifenthrin,atp2,0.690416667
10,1,Bifenthrin,cyp1a1,1.05475
10,1,Bifenthrin,dnmt3,1.222083333
10,1,Bifenthrin,esr,1.104916667
10,1,Bifenthrin,igf2,0.013583333
10,1,Bifenthrin,rps6,0.05025
10,1,Bifenthrin,17bHSD,
10,1,Bifenthrin,arx,0.62125
10,1,Bifenthrin,atp1,2.446916667
10,1,Bifenthrin,atp2,1.701416667
10,1,Bifenthrin,cyp1a1,1.65375
10,1,Bifenthrin,dnmt3,1.831083333
10,1,Bifenthrin,esr,0.353916667
10,1,Bifenthrin,igf2,0.957583333
10,1,Bifenthrin,rps6,0.82825
10,1,Bifenthrin,17bHSD,0.662416667
10,1,Bifenthrin,arx,0.17275
10,1,Bifenthrin,atp1,-0.161583333
10,1,Bifenthrin,atp2,0.405916667
10,1,Bifenthrin,cyp1a1,0.27125
10,1,Bifenthrin,dnmt3,-0.364416667
10,1,Bifenthrin,esr,-0.512583333
10,1,Bifenthrin,igf2,-0.419916667
10,1,Bifenthrin,rps6,-0.13025
10,1,Bifenthrin,17bHSD,0.699416667
10,1,Bifenthrin,arx,0.49075
10,1,Bifenthrin,atp1,-0.016583333
10,1,Bifenthrin,atp2,0.229916667
10,1,Bifenthrin,cyp1a1,0.59925
10,1,Bifenthrin,dnmt3,-0.575416667
10,1,Bifenthrin,esr,-0.786583333
10,1,Bifenthrin,igf2,-0.343916667
10,1,Bifenthrin,rps6,-0.37225
10,1,Bifenthrin,17bHSD,3.592416667
10,1,Bifenthrin,arx,3.49675
10,1,Bifenthrin,atp1,3.253416667
10,1,Bifenthrin,atp2,3.643916667
10,1,Bifenthrin,cyp1a1,3.40325
10,1,Bifenthrin,dnmt3,9.732583333
10,1,Bifenthrin,esr,2.601416667
10,1,Bifenthrin,igf2,3.157083333
10,1,Bifenthrin,rps6,3.19275
10,1,Bifenthrin,17bHSD,0.604416667
10,1,Bifenthrin,arx,0.16875
10,1,Bifenthrin,atp1,-0.208583333
10,1,Bifenthrin,atp2,-0.257083333
10,1,Bifenthrin,cyp1a1,0.59725
10,1,Bifenthrin,dnmt3,-0.093416667
10,1,Bifenthrin,esr,-1.140583333
10,1,Bifenthrin,igf2,-0.773916667
10,1,Bifenthrin,rps6,-0.88225
10,1,Bifenthrin,17bHSD,1.840916667
10,1,Bifenthrin,arx,0.65925
10,1,Bifenthrin,atp1,-0.447083333
10,1,Bifenthrin,atp2,0.513416667
10,1,Bifenthrin,cyp1a1,1.95375
10,1,Bifenthrin,dnmt3,-0.439916667
10,1,Bifenthrin,esr,-0.425083333
10,1,Bifenthrin,igf2,-0.018416667
10,1,Bifenthrin,rps6,-0.15875
10,1,Bifenthrin,17bHSD,1.675416667
10,1,Bifenthrin,arx,0.50975
10,1,Bifenthrin,atp1,0.002416667
10,1,Bifenthrin,atp2,0.747916667
10,1,Bifenthrin,cyp1a1,0.90625
10,1,Bifenthrin,dnmt3,0.347583333
10,1,Bifenthrin,esr,0.264416667
10,1,Bifenthrin,igf2,0.314083333
10,1,Bifenthrin,rps6,0.09475
10,1,Cyfluthrin,17bHSD,2.046416667
10,1,Cyfluthrin,arx,-0.804583333
10,1,Cyfluthrin,atp1,1.779416667
10,1,Cyfluthrin,atp2,1.142416667
10,1,Cyfluthrin,cyp1a1,0.876416667
10,1,Cyfluthrin,dnmt3,-3.848583333
10,1,Cyfluthrin,esr,1.239416667
10,1,Cyfluthrin,igf2,2.000416667
10,1,Cyfluthrin,rps6,1.577416667
10,1,Cyfluthrin,17bHSD,2.146416667
10,1,Cyfluthrin,arx,-0.163583333
10,1,Cyfluthrin,atp1,1.687416667
10,1,Cyfluthrin,atp2,1.179416667
10,1,Cyfluthrin,cyp1a1,1.152416667
10,1,Cyfluthrin,dnmt3,-4.245583333
10,1,Cyfluthrin,esr,1.652416667
10,1,Cyfluthrin,igf2,2.127416667
10,1,Cyfluthrin,rps6,1.599416667
10,1,Cyfluthrin,17bHSD,-0.032583333
10,1,Cyfluthrin,arx,-0.023083333
10,1,Cyfluthrin,atp1,1.796916667
10,1,Cyfluthrin,atp2,1.262916667
10,1,Cyfluthrin,cyp1a1,0.962916667
10,1,Cyfluthrin,dnmt3,-4.173083333
10,1,Cyfluthrin,esr,0.908916667
10,1,Cyfluthrin,igf2,2.157916667
10,1,Cyfluthrin,rps6,0.458916667
10,1,Cyfluthrin,17bHSD,1.185416667
10,1,Cyfluthrin,arx,-0.213583333
10,1,Cyfluthrin,atp1,-0.717583333
10,1,Cyfluthrin,atp2,0.742416667
10,1,Cyfluthrin,cyp1a1,0.855416667
10,1,Cyfluthrin,dnmt3,-5.422583333
10,1,Cyfluthrin,esr,-4.012583333
10,1,Cyfluthrin,igf2,0.363416667
10,1,Cyfluthrin,rps6,1.343416667
10,1,Cyfluthrin,17bHSD,1.165416667
10,1,Cyfluthrin,arx,0.019916667
10,1,Cyfluthrin,atp1,-0.406083333
10,1,Cyfluthrin,atp2,1.472916667
10,1,Cyfluthrin,cyp1a1,2.046916667
10,1,Cyfluthrin,dnmt3,-4.776083333
10,1,Cyfluthrin,esr,-1.298083333
10,1,Cyfluthrin,igf2,1.445916667
10,1,Cyfluthrin,rps6,1.264916667
10,1,Cyfluthrin,17bHSD,1.535416667
10,1,Cyfluthrin,arx,-0.857583333
10,1,Cyfluthrin,atp1,-0.605583333
10,1,Cyfluthrin,atp2,1.239416667
10,1,Cyfluthrin,cyp1a1,0.620416667
10,1,Cyfluthrin,dnmt3,-5.396583333
10,1,Cyfluthrin,esr,0.041416667
10,1,Cyfluthrin,igf2,0.889416667
10,1,Cyfluthrin,rps6,1.249416667
10,1,Cyfluthrin,17bHSD,0.368416667
10,1,Cyfluthrin,arx,0.476416667
10,1,Cyfluthrin,atp1,0.465416667
10,1,Cyfluthrin,atp2,1.376416667
10,1,Cyfluthrin,cyp1a1,-0.078583333
10,1,Cyfluthrin,dnmt3,-5.801583333
10,1,Cyfluthrin,esr,-0.582583333
10,1,Cyfluthrin,igf2,0.521416667
10,1,Cyfluthrin,rps6,-0.012583333
10,1,Cyfluthrin,17bHSD,-0.023583333
10,1,Cyfluthrin,arx,0.960416667
10,1,Cyfluthrin,atp1,0.412416667
10,1,Cyfluthrin,atp2,1.635416667
10,1,Cyfluthrin,cyp1a1,0.306416667
10,1,Cyfluthrin,dnmt3,-5.094583333
10,1,Cyfluthrin,esr,0.579416667
10,1,Cyfluthrin,igf2,0.534416667
10,1,Cyfluthrin,rps6,0.539416667
10,1,Cyfluthrin,17bHSD,-0.112583333
10,1,Cyfluthrin,arx,0.625416667
10,1,Cyfluthrin,atp1,0.372416667
10,1,Cyfluthrin,atp2,1.532416667
10,1,Cyfluthrin,cyp1a1,0.295416667
10,1,Cyfluthrin,dnmt3,-4.678583333
10,1,Cyfluthrin,esr,-0.267583333
10,1,Cyfluthrin,igf2,0.605416667
10,1,Cyfluthrin,rps6,0.415416667
10,1,Cyhalothrin,17bHSD,2.084916667
10,1,Cyhalothrin,arx,0.44725
10,1,Cyhalothrin,atp1,1.002916667
10,1,Cyhalothrin,atp2,0.220416667
10,1,Cyhalothrin,cyp1a1,0.62975
10,1,Cyhalothrin,dnmt3,2.072083333
10,1,Cyhalothrin,esr,-0.444083333
10,1,Cyhalothrin,igf2,0.673583333
10,1,Cyhalothrin,rps6,0.61425
10,1,Cyhalothrin,17bHSD,1.649416667
10,1,Cyhalothrin,arx,0.70375
10,1,Cyhalothrin,atp1,1.041416667
10,1,Cyhalothrin,atp2,0.289916667
10,1,Cyhalothrin,cyp1a1,0.59825
10,1,Cyhalothrin,dnmt3,1.370583333
10,1,Cyhalothrin,esr,-0.205583333
10,1,Cyhalothrin,igf2,0.075083333
10,1,Cyhalothrin,rps6,0.40075
10,1,Cyhalothrin,17bHSD,0.710416667
10,1,Cyhalothrin,arx,1.00175
10,1,Cyhalothrin,atp1,1.292416667
10,1,Cyhalothrin,atp2,0.435916667
10,1,Cyhalothrin,cyp1a1,0.75225
10,1,Cyhalothrin,dnmt3,1.588583333
10,1,Cyhalothrin,esr,-0.010583333
10,1,Cyhalothrin,igf2,0.365083333
10,1,Cyhalothrin,rps6,0.78375
10,1,Cyhalothrin,17bHSD,0.151416667
10,1,Cyhalothrin,arx,-0.24125
10,1,Cyhalothrin,atp1,-0.807583333
10,1,Cyhalothrin,atp2,-0.137083333
10,1,Cyhalothrin,cyp1a1,0.19925
10,1,Cyhalothrin,dnmt3,-0.587416667
10,1,Cyhalothrin,esr,-5.488583333
10,1,Cyhalothrin,igf2,-0.112916667
10,1,Cyhalothrin,rps6,0.37175
10,1,Cyhalothrin,17bHSD,1.843416667
10,1,Cyhalothrin,arx,0.80975
10,1,Cyhalothrin,atp1,-0.066583333
10,1,Cyhalothrin,atp2,1.048916667
10,1,Cyhalothrin,cyp1a1,0.79125
10,1,Cyhalothrin,dnmt3,0.371583333
10,1,Cyhalothrin,esr,1.075972222
10,1,Cyhalothrin,igf2,1.022083333
10,1,Cyhalothrin,rps6,1.11375
10,1,Cyhalothrin,17bHSD,-1.194083333
10,1,Cyhalothrin,arx,0.45125
10,1,Cyhalothrin,atp1,-0.502083333
10,1,Cyhalothrin,atp2,0.287416667
10,1,Cyhalothrin,cyp1a1,0.98175
10,1,Cyhalothrin,dnmt3,-0.707916667
10,1,Cyhalothrin,esr,
10,1,Cyhalothrin,igf2,0.246583333
10,1,Cyhalothrin,rps6,0.99325
10,1,Cyhalothrin,17bHSD,0.528916667
10,1,Cyhalothrin,arx,1.29625
10,1,Cyhalothrin,atp1,-0.224083333
10,1,Cyhalothrin,atp2,0.470416667
10,1,Cyhalothrin,cyp1a1,0.65975
10,1,Cyhalothrin,dnmt3,-0.695916667
10,1,Cyhalothrin,esr,-0.784083333
10,1,Cyhalothrin,igf2,-0.375416667
10,1,Cyhalothrin,rps6,-0.53575
10,1,Cyhalothrin,17bHSD,0.868416667
10,1,Cyhalothrin,arx,0.87175
10,1,Cyhalothrin,atp1,-0.099583333
10,1,Cyhalothrin,atp2,-0.160083333
10,1,Cyhalothrin,cyp1a1,0.94425
10,1,Cyhalothrin,dnmt3,-0.498416667
10,1,Cyhalothrin,esr,-0.244583333
10,1,Cyhalothrin,igf2,-0.110916667
10,1,Cyhalothrin,rps6,0.02175
10,1,Cyhalothrin,17bHSD,0.911416667
10,1,Cyhalothrin,arx,1.65875
10,1,Cyhalothrin,atp1,-0.354583333
10,1,Cyhalothrin,atp2,0.200916667
10,1,Cyhalothrin,cyp1a1,0.46525
10,1,Cyhalothrin,dnmt3,-0.500416667
10,1,Cyhalothrin,esr,-0.483583333
10,1,Cyhalothrin,igf2,-0.477916667
10,1,Cyhalothrin,rps6,-0.20125